{
  "epoch": [
    1,
    2,
    3,
    4,
    5,
    6,
    7,
    8,
    9,
    10,
    11,
    12,
    13,
    14,
    15,
    16,
    17,
    18,
    19,
    20,
    21,
    22,
    23,
    24,
    25,
    26,
    27,
    28,
    29,
    30,
    31,
    32,
    33,
    34,
    35,
    36,
    37,
    38,
    39,
    40,
    41,
    42,
    43,
    44,
    45,
    46,
    47,
    48,
    49,
    50
  ],
  "box_loss": [
    1.48658,
    1.36733,
    1.36568,
    1.34921,
    1.29687,
    1.27556,
    1.24935,
    1.22621,
    1.2092,
    1.20085,
    1.18063,
    1.18803,
    1.14654,
    1.16211,
    1.14058,
    1.13129,
    1.11456,
    1.12555,
    1.10568,
    1.07831,
    1.09812,
    1.08992,
    1.08725,
    1.07462,
    1.06414,
    1.05293,
    1.04172,
    1.05661,
    1.05214,
    1.03167,
    1.03696,
    1.0152,
    1.015,
    1.02128,
    1.00258,
    0.99471,
    0.99373,
    1.00219,
    0.98062,
    0.96832,
    0.96215,
    0.94438,
    0.93801,
    0.92761,
    0.92715,
    0.92122,
    0.91482,
    0.90689,
    0.89374,
    0.89164
  ],
  "seg_loss": [
    2.10858,
    1.86777,
    1.90191,
    1.85439,
    1.76407,
    1.71766,
    1.73785,
    1.61577,
    1.62592,
    1.63254,
    1.56766,
    1.5919,
    1.5348,
    1.53538,
    1.492,
    1.49301,
    1.46434,
    1.47386,
    1.47466,
    1.45275,
    1.4534,
    1.41769,
    1.42581,
    1.41823,
    1.38015,
    1.40084,
    1.36737,
    1.38979,
    1.36732,
    1.37383,
    1.3626,
    1.31105,
    1.33893,
    1.33105,
    1.3256,
    1.26869,
    1.31974,
    1.3115,
    1.2741,
    1.30092,
    1.24335,
    1.2273,
    1.25214,
    1.23194,
    1.20202,
    1.23606,
    1.18157,
    1.16035,
    1.16644,
    1.17393
  ],
  "cls_loss": [
    2.77963,
    1.6087,
    1.36242,
    1.19309,
    1.06716,
    1.00471,
    0.95798,
    0.91831,
    0.87936,
    0.86996,
    0.8657,
    0.863,
    0.81551,
    0.80468,
    0.78973,
    0.78677,
    0.76215,
    0.76169,
    0.7525,
    0.73063,
    0.73258,
    0.73526,
    0.72686,
    0.71523,
    0.70743,
    0.68868,
    0.68591,
    0.69358,
    0.68035,
    0.67698,
    0.67415,
    0.65468,
    0.6519,
    0.64544,
    0.63899,
    0.63879,
    0.63647,
    0.63222,
    0.61622,
    0.62578,
    0.59454,
    0.59258,
    0.57948,
    0.58451,
    0.56851,
    0.55984,
    0.55869,
    0.55227,
    0.54772,
    0.54174
  ],
  "precision": [
    0.92561,
    0.73078,
    0.76153,
    0.78197,
    0.83586,
    0.74976,
    0.80953,
    0.84526,
    0.85768,
    0.83426,
    0.75924,
    0.82223,
    0.85544,
    0.83277,
    0.85634,
    0.80682,
    0.80255,
    0.82835,
    0.85324,
    0.85431,
    0.85174,
    0.83492,
    0.90122,
    0.8588,
    0.88419,
    0.89008,
    0.88454,
    0.87041,
    0.87623,
    0.87574,
    0.85391,
    0.91723,
    0.92162,
    0.90852,
    0.88998,
    0.86886,
    0.90089,
    0.91926,
    0.88078,
    0.88978,
    0.91598,
    0.87728,
    0.90072,
    0.91167,
    0.90418,
    0.90377,
    0.89148,
    0.90007,
    0.87254,
    0.90044
  ],
  "recall": [
    0.12837,
    0.59999,
    0.64729,
    0.68051,
    0.70498,
    0.71013,
    0.71982,
    0.68692,
    0.67203,
    0.73951,
    0.71693,
    0.74911,
    0.69653,
    0.73894,
    0.71103,
    0.77331,
    0.77753,
    0.7516,
    0.7618,
    0.71693,
    0.76675,
    0.78285,
    0.74391,
    0.76923,
    0.76485,
    0.75205,
    0.75641,
    0.76442,
    0.77113,
    0.76632,
    0.78613,
    0.76227,
    0.75899,
    0.77812,
    0.77251,
    0.79735,
    0.75306,
    0.76191,
    0.77967,
    0.8008,
    0.7822,
    0.78528,
    0.79502,
    0.78311,
    0.78934,
    0.78619,
    0.78926,
    0.79502,
    0.82034,
    0.79322
  ],
  "mAP50": [
    0.54812,
    0.63135,
    0.69581,
    0.74009,
    0.79704,
    0.73592,
    0.78514,
    0.77944,
    0.77676,
    0.81087,
    0.77498,
    0.80833,
    0.78362,
    0.81831,
    0.80176,
    0.82814,
    0.82897,
    0.82214,
    0.84298,
    0.80845,
    0.83213,
    0.84005,
    0.82686,
    0.83952,
    0.82914,
    0.8366,
    0.83323,
    0.84368,
    0.85411,
    0.84565,
    0.87344,
    0.8612,
    0.86286,
    0.8582,
    0.8557,
    0.86216,
    0.85845,
    0.86093,
    0.87287,
    0.87715,
    0.86548,
    0.86282,
    0.87029,
    0.87144,
    0.87438,
    0.86878,
    0.86891,
    0.87437,
    0.86877,
    0.8773
  ],
  "mAP50_95": [
    0.29104,
    0.28796,
    0.36489,
    0.36896,
    0.3919,
    0.39831,
    0.42342,
    0.42271,
    0.38543,
    0.39357,
    0.41119,
    0.4055,
    0.39103,
    0.42569,
    0.40445,
    0.43777,
    0.43162,
    0.4413,
    0.45686,
    0.41438,
    0.46496,
    0.42869,
    0.44412,
    0.46122,
    0.44827,
    0.45327,
    0.44844,
    0.46068,
    0.46867,
    0.45147,
    0.44508,
    0.48361,
    0.46522,
    0.46862,
    0.4603,
    0.47655,
    0.48417,
    0.47383,
    0.4764,
    0.48851,
    0.46278,
    0.47463,
    0.4854,
    0.48291,
    0.4813,
    0.48064,
    0.49093,
    0.49106,
    0.49045,
    0.49174
  ],
  "val_box_loss": [
    1.40095,
    1.42011,
    1.42605,
    1.36555,
    1.35244,
    1.28715,
    1.29725,
    1.27461,
    1.23737,
    1.21688,
    1.2424,
    1.2238,
    1.2341,
    1.19653,
    1.16406,
    1.15413,
    1.2106,
    1.15238,
    1.14614,
    1.15677,
    1.12911,
    1.14981,
    1.12857,
    1.12314,
    1.12785,
    1.1167,
    1.09653,
    1.11688,
    1.09258,
    1.11768,
    1.08016,
    1.08876,
    1.10672,
    1.09356,
    1.0745,
    1.05115,
    1.06033,
    1.0682,
    1.04538,
    1.05069,
    1.06865,
    1.06962,
    1.04224,
    1.04151,
    1.05134,
    1.05663,
    1.02933,
    1.04505,
    1.03525,
    1.03086
  ],
  "val_seg_loss": [
    2.11544,
    2.60206,
    2.11324,
    1.89704,
    1.91906,
    1.84275,
    1.86295,
    1.87607,
    1.83562,
    1.70567,
    1.80743,
    1.69183,
    1.70475,
    1.74187,
    1.704,
    1.64917,
    1.64152,
    1.64173,
    1.63136,
    1.64434,
    1.55739,
    1.64718,
    1.58512,
    1.57099,
    1.63594,
    1.60291,
    1.52941,
    1.54284,
    1.51918,
    1.60048,
    1.56684,
    1.57869,
    1.58374,
    1.54908,
    1.6102,
    1.54916,
    1.51057,
    1.50513,
    1.46486,
    1.45288,
    1.51243,
    1.5091,
    1.54855,
    1.48051,
    1.50849,
    1.47502,
    1.44982,
    1.48609,
    1.47529,
    1.47462
  ]
}